post_id,cuenta,fecha,link,descripcion,sujeto,archivo_origen,emotion_etiqueta,hate_speech_etiquetas
ni1diamas_02703,ni1diamas,2025-12-19T12:57:55.000Z,https://www.instagram.com/ni1diamas_/reel/DSch4o0kSF1/,La mujer Chilena y nuestra sociedad es bastante + inteligente que este grupo ideológico que solo quiere DESTRUIR AL HOMBRE Y FAMILIA aún hay ingenuas que las siguen pero cada segundo y minuto que pasa van siendo menos NADIE LES CREE NADIE LES COMPRA Y NUESTROS HOJOS NO SERÁN PRESA DE SUS DEGENERACIONES LLENAS DE ODIO Y DIVISIÓN #ni1diamas_ ⚠️⚠️⚠️⚠️⚠️⚠️⚠️⚠️⚠️⚠️⚠️,feministas,instagram_ni1diamas_.csv,anger,hateful
padres_con_derechochile_03464,padres_con_derechochile,2024-12-23T12:07:58.000Z,https://www.instagram.com/padres_con_derechochile/reel/DD65OEpxTCs/,Miles de niños de chile secuestrados por Tribunales de Familia...y todos los delincuentes operadores del Servicio de mejor niñez para obstruir el régimen de visitas con Nuestros Hijos.  Amparados por el estado chile .curadores AdLitem y Consejeras Técnicas.así tratan a Miles de padres a lo largo de chile teniendo los años judicializados jugando al ping pong con ellos. y dilatando los informes periciales.  Está historia continuará ....comenta ..comparte y da link .. #LIVEhighlights #padresconderechochile #chile #nomasdenunciasfalsas #tribunalesdefamilia #sinfiltro #crianzacompartida #magovaldivia #amordehijo #protesta #tribunalesdefamilia #navidad #triste #nomasdenunciasfalsas #nomashijoshuerfanosdepadresvivos #unavelitaentuausencia #andreshernandez #arturito #feminismo #adrachile #adra #mejorniñez #boric #chilevision #24horas,tribunales de familia,instagram_padres_con_derechochile.csv,anger,hateful
padres_con_derechochile_03501,padres_con_derechochile,2024-11-16T23:41:52.000Z,https://www.instagram.com/padres_con_derechochile/reel/DCc3SWuutAd/,El feminazismo está creando estas lacras en chile y destruyendo a mujeres buenas.  ocupan la ley Funa hombres para denunciarte injustamente de abuso...paremos a estas dementes.  #chilevisionnoticias #chile #venezuela #loca #agresion #feminazis #padresconderechochile  #nomasdenunciasfalsas #denunciasfalsas #magovaldivia,feministas,instagram_padres_con_derechochile.csv,anger,hateful
ni1diamas_02809,ni1diamas,2025-11-29T12:06:25.000Z,https://www.instagram.com/ni1diamas_/p/DRo7uvAkWH4/,Definitivamente son tontas y están coludidas en esta red de corrupción y lucro #ni1diamas_ ⚠️⚠️⚠️⚠️,juezas,instagram_ni1diamas_.csv,anger,hateful
padres_con_derechochile_03413,padres_con_derechochile,2025-04-16T12:33:59.000Z,https://www.instagram.com/padres_con_derechochile/reel/DIgetGzReaX/,Mujjer Apuñ. ala  a su pareja delante de sus hijos... vulneración total.. según la ley 21.675 los únicos violentadires solo son los hombres.  comenta ..comparte ..y da link .@noticiaslivechile @elvitomartinez @radioagricultura @futurofm  #padresconderecho #padresconderechochile #mujeresquemienten #mujereschilena #amigayotecreo #derechosvulnerados #juicio #feminismo #masculinidad #anonimus #andreshernandez #arturito #javierrebolledo #libro #falsadenuncia #nomasdenunciasfalsas #ley21675 #leyfunahombres #nomashijosrehenes #mujer #padreehijo #kaiser #chile #chilevisión #tribunalesdefamilia,"ley 21.675, sistema judicial",instagram_padres_con_derechochile.csv,anger,hateful
ni1diamas_02751,ni1diamas,2025-12-11T15:56:15.000Z,https://www.instagram.com/ni1diamas_/reel/DSIQPW9ETzI/,Sicologa D.J. Una amenaza más sales a todas las redes por mal nacida y corrupta quedo claro? #ni1diamas_ de amanezcas ⚠️,psicólogas,instagram_ni1diamas_.csv,anger,"hateful, targeted, aggressive"
ni1diamas_02619,ni1diamas,2025-12-30T01:18:10.000Z,https://www.instagram.com/ni1diamas_/reel/DS3lqrGkYzo/,"JUEZAS - ABOGADAS - FUNDACIONES ASQUEROSAS - SICÓLOGAS CORRUPTAS - PROGRAMAS INMORALES Y MUJERES TOXICAS esta es la RED DE MALNACIDOS QUE TIENE ENFERMOS A PADRES Y NIÑOS YA QUE SOLO ESCUCHAN A MUJERES QUE SOLO VEN $ Detrás de un hijo , que un padre sea o no presente les importa UNA RAJA! Malditos corruptos!! NOS TRANSFORMARON EN MEROS CAJEROS AUTOMÁTICOS BASTAAAAAAA#ni1diamas_ ⚠️⚠️⚠️⚠️","juezas, abogadas, fundaciones, psicólogas",instagram_ni1diamas_.csv,anger,hateful
unpapaconsciente_03790,unpapaconsciente,2025-10-27T21:44:49.000Z,https://www.instagram.com/unpapaconsciente/p/DQVAbXljYoT/,"Progenitoras enfermas que manipulan a sus hijos para tener el control , junto a sus clan materno acostumbrado a repetir historias familiares. 
En su odio, prefieren al padre muerto, ya que no tienen límites. 
Lastima cuando se destape la verdad de estos casos terroristas. 
#leytocornal #hijosrehenes",madres,instagram_unpapaconsciente.csv,anger,hateful
ni1diamas_02940,ni1diamas,2025-10-29T22:51:45.000Z,https://www.instagram.com/ni1diamas_/p/DQaRrayEdkV/,"Hay que ser mala hasta los huesos , sinvergüenza, mentirosa , cruel y abusadora para borrar al padre de sus vidas #ni1diamas_",madres,instagram_ni1diamas_.csv,anger,"hateful, targeted, aggressive"
ni1diamas_02608,ni1diamas,2025-12-30T22:56:37.000Z,https://www.instagram.com/ni1diamas_/reel/DS57YRMEbP1/,Lo que menos han hecho es defender la familia son responsables de la destrucción del sistema YA NADIE LAS RESPETA YA NADIE LES CREE CORRUPTAS INDOLENTES CON AIRES DE INTOCABLES #ni1diamas_ ⚠️⚠️⚠️⚠️🤮🤮🤮🤮🤮,juezas,instagram_ni1diamas_.csv,anger,hateful
unpapaconsciente_03882,unpapaconsciente,2025-07-16T14:56:22.000Z,https://www.instagram.com/unpapaconsciente/p/DMLDzmoMa6c/,"Centros (y de alto costo) de revinculacion que son contratados por progenitoras para destruir… destruir al padre y sus hijos por el solo echo que esos niños quieren vivir y estar con su padre…  y que no es soportado por esas progenitoras. 

Cuando los centros de revinculación se transforman en un negocio, dejan de proteger a los niños… y comienzan a destruir vínculos.

No hay acompañamiento real, solo procesos fríos que buscan borrar al padre y repetir los mismos traumas que tanto daño han hecho por generaciones.

Las únicas que celebran son aquellas madres que viven del conflicto, no del amor.

Pero los hijos… los hijos crecerán. Y un día entenderán todo.
Ese día, la verdad dolerá… pero también liberará.

#violenciaintrafamiliar #violenciainfantil #hijosrehenes #maltratoinfantil","madres, centros de revinculación",instagram_unpapaconsciente.csv,anger,hateful
padres_con_derechochile_03264,padres_con_derechochile,2025-10-08T11:27:45.000Z,https://www.instagram.com/padres_con_derechochile/reel/DPi95D_kZDZ/,"Asi Mienten Miles de mujeres en tribunales de familia..y nacen las Falsas Denuncias amparadas por juezas y ministerios de la mujer.  Dañan a las  mismas mujeres y madres  buenas con esta actitud comenta . comparte y da link . #padresconderechochile #falsasdenuncias #nomasdenunciasfalsas #tribunalesdefamilia  #lamentira 
#padresconderecho #nomashijosrehenes #mujer #feminismo #engaño #justicia #mentira #viral #españa #chile #juezas","madres, tribunales de familia, juezas, ministerio de la mujer",instagram_padres_con_derechochile.csv,anger,hateful
falsas_denuncias_chile_01000,falsas_denuncias_chile,2023-06-02T15:07:37.000Z,https://www.instagram.com/falsas_denuncias_chile/reel/Cs_gxhORb_D/,#mujeres #feministas #falsasdenuncias #crianzacompartidachile,"madres, feministas",instagram_falsas_denuncias_chile.csv,others,hateful
padres_con_derechochile_03466,padres_con_derechochile,2024-12-20T14:20:55.000Z,https://www.instagram.com/padres_con_derechochile/reel/DDzaRH-RfA2/,Miles de niños y niñas Secuestrados por una obstructora de visitas  y por tribunales de familia..por años alejados de sus padres y abuelos ....delito amparado por organismos del estado ..por eso este 21 de dic te esperamos fuera del palacio la moneda . una velita en tu ausencia ..recordaremos. la tristeza de NO estar con nuestros hijos en. esta navidad 🎄#padresconderechochile #chile #nomasdenunciasfalsas #tribunalesdefamilia #sinfiltro #crianzacompartida #magovaldivia #amordehijo #crianzacompartida #feminazis #feminismo #tribunsles #desvinculacion #navidad #boric #corrupcion #adrachile #andreshernandez #arturito,"madres, tribunales de familia",instagram_padres_con_derechochile.csv,sadness,hateful
padres_con_derechochile_03424,padres_con_derechochile,2025-04-08T11:40:02.000Z,https://www.instagram.com/padres_con_derechochile/reel/DILyeljR6pD/,Femenina v/s feminista .. las mujeres chilenas se están quedando sola .por desvincular a padres de sus hijos.  comenta ..comparte y da link ..#padresconderecho #padresconderechochile #tik_tok #reels #tv #regimendevisitas #rdr #chilevisión #obstrucion #tribunales #tribunalesdefamilia #nomashijosrehenes #crianzacompartida #mujeres #madres #femenina #roro #andreshernandez #clubdelosdesvinculados #kaiser #magovaldivia #chile #viral #sinfiltro #amordehijo,feministas,instagram_padres_con_derechochile.csv,others,hateful
ni1diamas_02614,ni1diamas,2025-12-30T15:35:40.000Z,https://www.instagram.com/ni1diamas_/p/DS5JDvOEVm5/,"A todas esas mujeres con hijos carroñeras que han abusado de un sistema CORRUPTO lean bien , tengan dignidad al menos háganlo por esos niños que uds trajeron al MUNDO PARA HACERLOS SUFRIR #ni1diamas_ de mal nacidas ⚠️⚠️⚠️⚠️","madres, sistema judicial",instagram_ni1diamas_.csv,anger,hateful
falsas_denuncias_chile_00694,falsas_denuncias_chile,2024-11-27T21:21:54.000Z,https://www.instagram.com/falsas_denuncias_chile/reel/DC47_J-RXrz/,#boric #gobiernodechile #psicologa #ministradelamujer #feminismo #femimismoradical #carton,"feministas, Gabriel Boric",instagram_falsas_denuncias_chile.csv,others,hateful
ni1diamas_02933,ni1diamas,2025-10-31T11:13:10.000Z,https://www.instagram.com/ni1diamas_/p/DQeLL9ikaU4/,"O brujas que disfrutan con el dolor de sus hijos , están todas malditas por la pócima del odio #ni1diamas_ 🎃🎃👻",madres,instagram_ni1diamas_.csv,anger,hateful
ni1diamas_02898,ni1diamas,2025-11-09T23:25:17.000Z,https://www.instagram.com/ni1diamas_/p/DQ2pdHcETHO/,"Es tan brutal lo que implica que el sistema criminal actual te lleve al mismo infierno , con el objetivo de destruirte la vida a causa de mujeres malditas NO MADRES que usan a niños inocentes acompañados de una red perversa y corrupta que lucra con su dolor  sin asco a vista de todos impunemente , coludiéndose jueces , abogadas , peritos, psicólogos , fundaciones truchas , curadores ad ítem , políticos , feministas anti hombres y un sin fin de criminales de familias #ni1diamas_  PAPÁ DE ESTA SALIMOS JUNTOS !!⚠️⚠️⚠️⚠️⚠️⚠️⚠️⚠️⚠️⚠️⚠️⚠️⚠️⚠️⚠️⚠️","sistema judicial, madres, jueces, abogadas, peritos, psicólogos, fundaciones, curadores ad litem, políticos, feministas",instagram_ni1diamas_.csv,anger,hateful
padres_con_derechochile_03561,padres_con_derechochile,2024-06-30T13:01:17.000Z,https://www.instagram.com/padres_con_derechochile/reel/C81hWgHOTdt/,decimos NO al movimiento feminista Radical. .. somos padres q luchamos por nuestros hijos y por su derecho vulnerado .. protestamos por el silenciado..por el oprimido.  Por el torturado . Por volver a ver a nuestros hijos felices. .. únete al movimiento..digamos Basta..comenta y da Like.. #padresconderechochile #padresconderecho #nomasdenunciasfalsas #momas #nomashijoshuerfanosdepadresvivos #nomashijosrehenes #feminista #feminazis #familia  #chile #funa #amordehijo,feministas,instagram_padres_con_derechochile.csv,anger,hateful
falsas_denuncias_chile_00510,falsas_denuncias_chile,2025-10-21T14:49:40.000Z,https://www.instagram.com/falsas_denuncias_chile/reel/DQEyeZzjgJc/,#mujer #sanciones #ley #falsasdenuncias,"sistema judicial, madres",instagram_falsas_denuncias_chile.csv,others,hateful
ni1diamas_02604,ni1diamas,2025-12-31T13:03:33.000Z,https://www.instagram.com/ni1diamas_/reel/DS7cQkkETNQ/,Estas son las mal nacidas que atacan a nuestros padres ESTA PINTURITA SABRÁ QUE ES UNA INJURIA Y CALUMNIA SIN PRUEBAS ella sabe perfectamente que su amiga Lazcano es una ACTIVISTA DEL FEMINISMO EXTREMO pero ella al ser amiga de juezas y esta red corrupta se siente con el derecho de insultar  LOS INVITO A SALUDARLA ESTE FIN DE AÑO #ni1diamas_ de feministas mal nacidas 🤮🤮🤮🤮🤮🤮🤮🤮🤮💩💩💩💩💩💩💩,"feministas, juezas",instagram_ni1diamas_.csv,anger,"hateful, aggressive"
ni1diamas_02649,ni1diamas,2025-12-25T17:38:07.000Z,https://www.instagram.com/ni1diamas_/reel/DSsPtV0EXcX/,RECHACEN ESTA BASURA!  Ya nadie les cree ladronas y oportunistas pagadas por LA IZQUIERDA IDEOLÓGICA son una VERGÜENZA NACIONAL mal nacidas enfermas por una ideología extrema de ODIO son ustedes mismas las que se CAGARON SU PROPIO GÉNERO CON SECUESTROS A NIÑOS APOYO A VIOLADORES SECUESTRO DEL PODER JUDICIAL VIAJES A ARGENTINA APOR QUE ACÁ NO TENÍAN PEGA Todos unidos para que sepan que NO SON BIENVENIDAS LAS EXTREMISTAS DEL ODIO Y DAÑO A LA SOCIEDAD CHILENA #ni1diamas_,"izquierda, poder judicial, coordinadora 8m, feministas",instagram_ni1diamas_.csv,anger,"hateful, aggressive"
ni1diamas_02664,ni1diamas,2025-12-23T02:02:15.000Z,https://www.instagram.com/ni1diamas_/p/DSlqZ-wEa3F/,"El dominó debe empezar a correr , juezas psicólogas abogadas (os) Fundaciones truchas , curadores , consejeros y toda la@red CORRUPTA EN JUZGADOS DE FAMILIA DE ARICA A PUNTA ARENAS. Basta con NUESTROS HIJOS NO+ ⚠️⚠️🔥🔥🔥💥💥❌💪🏻💪🏻","juezas, psicólogas, abogadas, abogados, fundaciones, curadores, consejeros, tribunales de familia",instagram_ni1diamas_.csv,anger,hateful
ni1diamas_02615,ni1diamas,2025-12-30T15:28:09.000Z,https://www.instagram.com/ni1diamas_/reel/DS5HCbtEVfv/,"No + abusos de estas CHUPASANGRE avaladas por corruptas juezas de “familia” , les importa un carajo sus hijos para que decir el padre de sus hijos SOLO BUSCAN PLATA Y REVENTARTE LA VIDA , pero me aburrí y SIN MIEDO CON TODA MI ENERGÍA QUE QUEDA VOY A CADA UNA DE ESTAS 2 MUJERES QUE DESGRACIADAMENTE ELEGI Pésimamente como madre de mis hijos DESENMASCARAR FRENTE A TODO CHILE POR LADRONAS INHUMANAS DESVERGONZADAS COLUDIAS LUEGO DE ODIARSE PARA DESTRUIR AL PADRE DE SUS HIJOS. Que vengan de buenos colegios o familias con apellidos de hartas dobles R o buena situación familiar , no te dice nada , detrás de cada una se esconde un pobre ser humano que aplica sus traumas en tu contra típico de hijas de alcohólicos , locas o sinvergüenzas  estafadores DONDE TERMINAMOS NOSOTROS PAGANDO ESTA CUENTA PARA QUE ELLAS SIGAN REPITIENDO LOS MISMOS PATRONES SIN HACERSE CARGO DE SUS VIVENCIAS QUE LAS TIENEN LLENAS DE ODIO, resumen LA PEOR ELECCIÓN DE MADRES PARA MIS HIJOS Y ME HGO CARGO DE DECIRLO Y EVITAR QUE OTROS CAIGAN EN SUS ASQUEROSAS TRAMPAS #ni1diamas_ de estas mujeres escoria abusadoras sin ética ni moral menos buenas costumbres⚠️⚠️⚠️⚠️⚠️⚠️","madres, juezas",instagram_ni1diamas_.csv,anger,"hateful, aggressive"
padres_con_derechochile_03283,padres_con_derechochile,2025-09-21T17:35:36.000Z,https://www.instagram.com/padres_con_derechochile/reel/DO33D7HEU9x/,Fiestas patrias de Chile..Brindo por las Juezas corruptas de Familia y por los casi 400.000 mil niños  desvinculados de su padre en el 2024 por la alienación parental.  y la perspectiva de genero .. comparte ..comenta y da link ..#padresconderechochile #juezas #alienacionparental  #fiestaspatrias  #payas #padresenlucha #padresconderecho #desvinculacionparental #juezasdefamilia #fondas #viral #aroaro #18 #Chile,juezas,instagram_padres_con_derechochile.csv,anger,hateful
padres_con_derechochile_03669,padres_con_derechochile,2023-07-13T18:34:44.000Z,https://www.instagram.com/padres_con_derechochile/p/CupdU8UJ57I/,Esto es lo que sufren nuestros hijos en manos de una Madre  dolida.. imparten el odio a un padre  aunq este luche cada día para verlos ..no permitamos más esto digamos basta ..ya no más ..únete somos Miles.  #padresconderechochile #padresenlucha #malasmadres #noalsindromedealineacionparental #nomashijosrehenes #nomashijossufriendo #padresmaltrados #padreconderecho,madres,instagram_padres_con_derechochile.csv,anger,hateful
ni1diamas_02754,ni1diamas,2025-12-10T02:12:52.000Z,https://www.instagram.com/ni1diamas_/p/DSENSZWEd9P/,"🤦🏼🤦🏼🤦🏼No hay cárceles para los verdaderos delincuentes nos vamos al Sheraton o donde? sino somos delincuentes PERO SIGUEN CON LA PERSECUCIÓN , ya nadie les cree pero JAMÁS han escuchado un padre para entender lo que implica pasar por un DIVORCIO  EXTREMO CON ESTA IDEOLOGÍA EXTREMA CRIMINALIZANDO AL HOMBRE sin defensa y alejándolos cada vez más de sus hijos dejándolos en la calle rotos mentalmente y emocionalmente afectados y además EXIGEN PRODUCIR si podemos sufrir podemos deprimirnos podemos perder empleos o capacidad de proveer , NUESTRA DIFERENCIA ES QUE NOS VOLVEMOS A LEVANTAR #ni1diamas_ de 🎪 y 🤡",corte suprema,instagram_ni1diamas_.csv,anger,hateful
chile_in_justo_00443,chile_in_justo,2024-09-14T05:10:53.000Z,https://www.instagram.com/chile_in_justo_/p/C_0hnT0Jnjf/,"HIJOS SECUESTRADOS POR LOS TRIBUNALES DE FAMILIA EN CHILE, TERROR A TENER QUE APLICAR LA LEY EN APERCIBIR Y EN L MIEDO A SANCIONAR DRASTICAMENTE A QUIENES VULNERAN LOS DERECHOS DE LOS NIÑOS DE ESTE PAÍS, BRUTALES NEGLIGENCIAS INEXCUSABLES.
Estamos frente a un @pjudicialchile corrupto sin capacidad de resolver en tiempo ni forma.

@pjudicialchile @fnuevamente @magistradasymagistradosdechile @canal13cl @meganoticiascl @theclinic_cl @munilascondes","tribunales de familia, poder judicial",instagram_chile_in_justo_.csv,anger,hateful
unpapaconsciente_03841,unpapaconsciente,2025-08-23T14:30:25.000Z,https://www.instagram.com/unpapaconsciente/p/DNs3C9N2t-E/,"Mamis de ❤️ (algunas “profesionales” de la salud mental) que destruyen (y otras hasta borran del mapa) a los padres para esconder sus daños y maltratos que generaron durante años a sus propios hijos y esposos. 

💀 Madres que maltratan y mienten. 
☠️ Madres que por intereses económicos son capaces de todo… contratar abogados sin ética, psicólogas sin moral y profesión, mentirles a sus hijos, manipular los hechos, etc…. 

Madres que no son madres, solo las mueven 💰💵💸💶","madres, abogados, psicólogas",instagram_unpapaconsciente.csv,anger,hateful
chile_in_justo_00439,chile_in_justo,2025-03-10T15:07:04.000Z,https://www.instagram.com/chile_in_justo_/reel/DHBbkT0xfov/,"“Hoy celebramos con fuerza a las mujeres de calidad: las que se levantan con dignidad, construyen con amor, educan con valores y entienden que la maternidad es un honor, no una herramienta de manipulación. Mujeres que brillan por su integridad, no por lo que pueden arrancar de otros.

Pero también, con la misma fuerza, condenamos a aquellas que, por vileza o interés, usan a sus propios hijos como armas de guerra, saboteando su relación con el padre para sacar provecho material o alimentar su ego enfermo. Mujeres así no son madres, son carceleras de la infancia, destructoras de la inocencia y enemigas de la justicia.

Que el futuro tenga más mujeres íntegras y menos parásitos emocionales que viven del chantaje y la miseria ajena.”

Por un Chile justo!",madres,instagram_chile_in_justo_.csv,anger,hateful
padres_con_derechochile_03286,padres_con_derechochile,2025-09-17T11:07:18.000Z,https://www.instagram.com/padres_con_derechochile/reel/DOs3el9ET-6/,Así Nace una Falsa Denuncia .. mujer victimizandose ...comenta ..comparte y da link.  #padresconderechochile #falsasdenuncias #tribunalesdefamilia #mujer #victimización #mujerloca #mentira #nomasdenunciasfalsas #acusacion #padresconderecho #chile #viral #juicio #tribunales #agresion,madres,instagram_padres_con_derechochile.csv,anger,hateful
unpapaconsciente_03764,unpapaconsciente,2025-12-01T22:39:01.000Z,https://www.instagram.com/unpapaconsciente/p/DRvOdDtDVHL/,"Vienen fechas importantes donde niños y niñas lo pasan solos porque sus progenitoras no quieren avanzar en un cuidado compartido, solo por dinero en exceso. 
Dos versiones, dos tipo de personas, una que está herida de infancia y otra enferma…cual es peor?

Una progenitora se puede llevar a los hijos / hijas, intentar lavarles el cerebro borrando al padre, pero antes que tarde ellos mismo van a preferir con quien estar y de donde escapar, en muchos casos para siempre. (Algunas madres hasta los enferman para tener más control) 

El padre perderá años importantes con sus niños y niñas, pero en el futuro, el los sanará y los cuidara. 
Los niños se darán cuenta del terrorismo emocional que hizo la mami y en ese momento, se darán cuenta del daño que les provocó por simples intereses económicos impulsados por sus abogados y familia materna, repitiendo su misma historia enfermiza. 

Los niños y niñas crecen, en un entorno de riesgo social sin límites y esa progenitora, decir madre es mucho, cargará emocionalmente (inconscientemente) toda su vida, junto a ese clan familiar por siempre, por haber abusado de los niños, por haber manipulado y maltratado psicológicamente sin parar ningún día. 

Cuando pasa esto, es porque la inseguridad de esa mami es tan grande que sabe que sus propios hijos no quieren estar con ella y su  única salida es el maltrato y abuso, y como no, acusar falsamente abusando del sistema.","madres, abogados, familia materna",instagram_unpapaconsciente.csv,sadness,hateful
ni1diamas_02616,ni1diamas,2025-12-30T13:37:45.000Z,https://www.instagram.com/ni1diamas_/reel/DS47Z_xkf8k/,"Desinformar ya se transformó en una práctica habitual en mujeres que se hacen las víctimas , esta no tiene moral ni si quiera para hablar y lo que habla es basura y ruido para engañar #ni1diamas_ de INMORALES ❌","Maite Orsini, mujeres",instagram_ni1diamas_.csv,anger,hateful
padres_con_derechochile_03284,padres_con_derechochile,2025-09-20T15:54:17.000Z,https://www.instagram.com/padres_con_derechochile/reel/DO1GvYpEb1B/,Una Falsa Denuncia destruye vidas ..está mujer está infectada con el virus de este cáncer de las denuncias falsa.  Amparada por el sistema judicial ..#padresconderechochile #tribunalesdefamilia #nomasdenunciasfalsas #padresconderecho #andreshernandez #mujer #falsasdenuncias #viral #mujertoxica #mujermiente #injusticia #chile #argentina,mujeres,instagram_padres_con_derechochile.csv,anger,hateful
ni1diamas_02938,ni1diamas,2025-10-30T20:25:20.000Z,https://www.instagram.com/ni1diamas_/reel/DQclnYqkTiZ/,"Enferma , cobarde , mentirosa y mal nacida son quienes usan el dolor de inocentes para canalizar su odio #ni1diamas_ 🤮🤮🤮🤮",madres,instagram_ni1diamas_.csv,anger,"hateful, targeted, aggressive"
falsas_denuncias_chile_01383,falsas_denuncias_chile,2022-03-10T18:37:06.000Z,https://www.instagram.com/falsas_denuncias_chile/reel/Ca7wAM6DyDt/,"“Castigar a un negro con mayor dureza por ser negro era racismo.
Castigar a un judío con mayor dureza por ser judío era nazismo.
Castigar a un hombre con mayor dureza por ser hombre es igualdad.""

#ideologiadegenero
#HombresYMujeresIgualesAnteLaLey
#hombresmaltratados #victimahombre",mujeres,instagram_falsas_denuncias_chile.csv,anger,hateful
padres_con_derechochile_03425,padres_con_derechochile,2025-04-07T11:19:38.000Z,https://www.instagram.com/padres_con_derechochile/reel/DIJLARERiHb/,Otra obstructora de visitas .... Madres que solo piensan en su odio y ponen excusas..obstruyen el régimen comunicacional con los Hijos ..siempre habrá una excusa con ellas .  comenta ..comparte y da link.. #denuncia #feminismo #padresconderecho #clubdelosdesvinculados #padresconderechochile  #sinfiltrotv #kaiser #chile #andreshernandez #elclubdelosdesvinculados #viral #nomashijosrehenes #malasmadres #sap #alienacionparental #tribunalesdefamilia #tribunales #obstrucion #rdr #regimendevisitas #chilevisión #tv #reels #tik_tok #madre #hijos #crianzacompartida #alienacionparental #regimendevisitas,"madres, feministas, tribunales de familia",instagram_padres_con_derechochile.csv,anger,hateful
abogadachilena_00008,abogadachilena,2025-09-24T16:37:07.000Z,https://www.instagram.com/abogadachilena/reel/DO_eRALDkSz/,"Muchas hijas cargamos con frases que NO nos pertenecen:
👉 💔 “Todos los hombres son infieles.”
👉 😔 “Mejor sola que mal acompañada.”

⚠️ Palabras dichas por tu madre desde su dolor… que terminan siendo ⛓️ cadenas invisibles que CONDICIONAN cómo pensamos, sentimos y amamos.

⚖️ Como abogada de familia, he visto generaciones de mujeres repitiendo el mismo patrón❌ 

🌱 Pero tu historia NO tiene por qué ser la de tu madre.
💪 Romper con esa manipulación emocional es un acto de justicia contigo misma y con tus hijos.

✨ No repitas heridas que no son tuyas. ✨

#VerdadesIncómodas ⚖️ #AbogadaChilena #RompeElCírculo ⭕️ #DerechoDeFamilia #ObstrucciónParental 🚫#NoMásManipulación 🚫
#ViolenciaPsicológica 💔
#alienaciónparental 
#CrianzaConsciente",madres,instagram_abogadachilena.csv,sadness,hateful
ni1diamas_02852,ni1diamas,2025-11-22T20:45:57.000Z,https://www.instagram.com/ni1diamas_/p/DRVJ8beEfsI/,Nos están reventando por solo ser hombres ya la “justicia” no existe para nosotros en Chile #ni1diamas_ ❌❌❌❌🚩🚩🚩🚩🚩🚩🚩,"sistema judicial, abogados, curadores, psicólogos, políticos, fundaciones, magistrados",instagram_ni1diamas_.csv,anger,hateful
unpapaconsciente_03785,unpapaconsciente,2025-11-02T14:14:04.000Z,https://www.instagram.com/unpapaconsciente/p/DQjpnTzDay5/,"Pronto la verdad. Quienes son las que maltratan a nuestro hijos menores de edad e indefensos. 

Las madres que se transforman en amiguis de sus abogadas. 
Que amenazan y mienten para sacarle mas platita a la mami… el círculo del trauma.","madres, abogadas",instagram_unpapaconsciente.csv,anger,hateful
unpapaconsciente_03769,unpapaconsciente,2025-11-22T14:59:11.000Z,https://www.instagram.com/unpapaconsciente/p/DRXOrMgjbnh/,"El día a día 
Trabajar de verdad no te hará mal. 
No repitas historias familiares 
No borres a un padre a nivel que muera. 
No engañes más a tus hijos, con manipulación y mentiras. 
Mujer, no eres sana y eso, lo sabemos.",madres,instagram_unpapaconsciente.csv,anger,hateful
unpapaconsciente_03786,unpapaconsciente,2025-10-31T13:26:45.000Z,https://www.instagram.com/unpapaconsciente/p/DQeaOMaDbXd/,"Para la madre que sale disfrazada de psicólogas o abogada o psicopatas. Pero lo único que saben hacer es destruir por platita. 

Repiten historias
Matan hombres y viven a costa de otros.",madres,instagram_unpapaconsciente.csv,anger,hateful
ni1diamas_02647,ni1diamas,2025-12-26T15:12:18.000Z,https://www.instagram.com/ni1diamas_/reel/DSuzAmakWmA/,"Cuando vamos a frenar esta ideología extrema degenerada apoyada por juezas , políticos ideologizados , abogadas feministas , sicólogas corruptas y toda esta red de gente sin valores que solo promueven la degeneración de la raza humana? Ahora quieren a nuestros hijos? BASTA! #ni1diamas_ ⚠️⚠️","juezas, políticos, abogadas, feministas, psicólogas",instagram_ni1diamas_.csv,anger,hateful
ni1diamas_02800,ni1diamas,2025-11-30T02:01:16.000Z,https://www.instagram.com/ni1diamas_/p/DRqcAohkab1/,"Los hombres en este holograma somos los malos pero la verdad es que en la gran mayoría de los casos de separación o divorcio con hijos son las mujeres las que acaban con todo, incluso con su propia familia y luego culpan a los hombres. ¿Qué estratagema legal puede emplear un hombre en un divorcio para perjudicar a una mujer? Ninguna. 
¿Hay malos padres? Por supuesto. ¿Hay hombres violentos, agresivos y abusadores? Sin duda. Nadie apoyaría algo así. 
Ahora bien. Deberían ser precisamente las mujeres que tanto se quejan de los “padres ausentes” las que más apoyasen las legislaciones a favor de la co-parentalidad, precisamente para “obligar por ley” a los hombres a cumplir con sus funciones parentales. Sin embargo, no lo hacen. ¿Por qué? Quizá porque el lobo siempre será el malo mientras sea Caperucita quien cuente la historia. Quizá porque siempre es más fácil echar la culpa al otro que asumir un mínimo de responsabilidad con madurez de nuestros propios errores.
No hay padres ni madres perfectos. Y en la imperfección, precisamente está el valor para el hijo.#ni1diamas_",madres,instagram_ni1diamas_.csv,anger,hateful
padres_con_derechochile_03648,padres_con_derechochile,2023-08-03T02:50:11.000Z,https://www.instagram.com/padres_con_derechochile/reel/Cvd13ZLKYTd/,Somos muchos padres sufriendo .NO SEAS UNO MAS .. búscanos digamos basta ..#padresconderechochile #nomasdenunciasfalsas #nomáshijosrehenes #nomaspadrestorturados #nomashijoshuerfanosdepadresvivos #nomashijossinpadre #noseasunomas #madresmalas #madrestoxicas,"tribunales de familia, madres",instagram_padres_con_derechochile.csv,anger,hateful
padres_con_derechochile_03649,padres_con_derechochile,2023-08-03T02:46:44.000Z,https://www.instagram.com/padres_con_derechochile/reel/Cvd1dl5oeDy/,Somos muchos padres sufriendo .NO SEAS UNO MAS .. búscanos digamos basta ..#padresconderechochile #nomasdenunciasfalsas #nomáshijosrehenes #nomaspadrestorturados #nomashijoshuerfanosdepadresvivos #nomashijossinpadre #noseasunomas #madresmalas #madrestoxicas,"madres, sistema judicial, abogadas, curadoras ad litem",instagram_padres_con_derechochile.csv,anger,hateful
padres_con_derechochile_03650,padres_con_derechochile,2023-08-03T02:39:56.000Z,https://www.instagram.com/padres_con_derechochile/reel/Cvd0tLpIFZA/,Somos muchos padres sufriendo .NO SEAS UNO MAS .. búscanos digamos basta ..#padresconderechochile #nomasdenunciasfalsas #nomáshijosrehenes #nomaspadrestorturados #nomashijoshuerfanosdepadresvivos #nomashijossinpadre #noseasunomas #madresmalas #madrestoxicas,"tribunales de familia, madres",instagram_padres_con_derechochile.csv,anger,hateful
padres_con_derechochile_03651,padres_con_derechochile,2023-08-03T02:35:08.000Z,https://www.instagram.com/padres_con_derechochile/reel/Cvd0LOoohST/,Somos muchos padres sufriendo .NO SEAS UNO MAS .. búscanos digamos basta ..#padresconderechochile #nomasdenunciasfalsas #nomáshijosrehenes #nomaspadrestorturados #nomashijoshuerfanosdepadresvivos #nomashijossinpadre #noseasunomas #madresmalas #madrestoxicas,"tribunales de familia, madres",instagram_padres_con_derechochile.csv,anger,hateful
padres_con_derechochile_03652,padres_con_derechochile,2023-08-03T02:07:44.000Z,https://www.instagram.com/padres_con_derechochile/reel/CvdxBYfKNo1/,Somos muchos padres sufriendo .NO SEAS UNO MAS .. búscanos digamos basta ..#padresconderechochile #nomasdenunciasfalsas #nomáshijosrehenes #nomaspadrestorturados #nomashijoshuerfanosdepadresvivos #nomashijossinpadre #noseasunomas #madresmalas #madrestoxicas,madres,instagram_padres_con_derechochile.csv,anger,hateful
padres_con_derechochile_03653,padres_con_derechochile,2023-08-03T01:55:58.000Z,https://www.instagram.com/padres_con_derechochile/reel/CvdvJBRIFEd/,Somos muchos padres sufriendo .NO SEAS UNO MAS .. búscanos digamos basta ..#padresconderechochile #nomasdenunciasfalsas #nomáshijosrehenes #nomaspadrestorturados #nomashijoshuerfanosdepadresvivos #nomashijossinpadre #noseasunomas #madresmalas #madrestoxicas,madres,instagram_padres_con_derechochile.csv,anger,hateful
padres_con_derechochile_03261,padres_con_derechochile,2025-10-10T18:57:47.000Z,https://www.instagram.com/padres_con_derechochile/reel/DPo7etYEaKX/,Día internacional de la Salud Mental...muchas progenitoras necesitan terapia por el daño que hacen a sus hijos ..los utilizan . y hacen denuncias falsas ..de 5 mujeres 4 dicen que necesitan ir a terapia.. comenta ..comparte y da link ..#padresconderechochile #falsasdenuncias #alienacionparental l #saludmentalyemocional #mujeres #saludmental #psicologas #psicologo #desvinculacionparental #chile #viral #feminismo #tribunalesdefamilia #padreehijo #mujee #progenitoras #psiquiatría #nomashijosrehenes #nomasdenunciasfalsas,"madres, mujeres, feministas",instagram_padres_con_derechochile.csv,anger,hateful
padres_con_derechochile_03603,padres_con_derechochile,2023-10-22T16:38:45.000Z,https://www.instagram.com/padres_con_derechochile/reel/CytUJWdu1WL/,vamos necesitamos tu voto ..las feminazis.  quieren boicotear el proyecto ley crianza compartida..quieren eliminar la figura paterna necesitamos tu voto ..a favor de la ley crianza compartida.. ingresa  www.congresovirtual.cl #juanirarrazaval #diputadoschilenos #tribunalesdefamilia #padresconderechochile #nomashijoshuerfanosdepadresvivos #chile #benjita #teleserie #nomasfeminazis #meganoticias #chilevisión #noseasunomas #congresovirtual #crianzacompartida,feministas,instagram_padres_con_derechochile.csv,anger,hateful
padres_con_derechochile_03604,padres_con_derechochile,2023-10-22T16:35:41.000Z,https://www.instagram.com/padres_con_derechochile/reel/CytT1GUuq7v/,vamos necesitamos tu voto ..las feminazis.  quieren boicotear el proyecto ley crianza compartida..quieren eliminar la figura paterna necesitamos tu voto ..a favor de la ley crianza compartida.. ingresa  www.congresovirtual.cl #juanirarrazaval #diputadoschilenos #tribunalesdefamilia #padresconderechochile #nomashijoshuerfanosdepadresvivos #chile #benjita #teleserie #nomasfeminazis #meganoticias #chilevisión #noseasunomas #congresovirtual #crianzacompartida,feministas,instagram_padres_con_derechochile.csv,anger,hateful
nomashijosrehenes.cl_03135,nomashijosrehenes.cl,2024-05-04T13:34:22.000Z,https://www.instagram.com/nomashijosrehenes.cl/p/C6jFHXquboT/,"Si estás comenzando una nueva relación, sabemos que estás emocionado y quizás cegado por el brillo de un nuevo amor, pero hay algunas señales, algunas #banderasrojas o #redflags🚩 , que no puedes permitirte ignorar.
Si esta mujer es una #mamitacorazon está haciendo la vida imposible al padre de sus hijos, obstruyendo el vínculo y desvinculándolo de ellos, denunciándolo falsamente, es una señal de alarma que no puede pasarse por alto. 
Estas acciones no son simplemente obstáculos pasajeros, son indicadores claros de un patrón de comportamiento que podría repetirse en tu propia relación.
Imagina un futuro juntos. ¿Realmente quieres estar en los zapatos del padre de sus hijos, luchando por mantener una conexión con tus propios hijos?, ¿te gustaría vivir defendiéndote de falsas denuncias por violencia intrafamiliar, acusaciones de abuso, te gustaría que una tropa de feminazis cegadas por la ideología, de los programas OPD, PPF, PRM, etc tomen el control de tu vida y de tu paternidad, juzgándote sólo por ser hombre? Las mismas tácticas que ella usa ahora contra su ex, podrían ser empleadas en tu contra en el futuro. ¿Estás dispuesto a enfrentarte a eso?

No estamos diciendo que esta mujer no merezca amor o una segunda oportunidad en el amor. Todos cometemos errores y todos merecemos una oportunidad para redimirnos. Sin embargo, debes ser consciente de los patrones de comportamiento y las dinámicas familiares que podrían afectar tu relación a largo plazo.

Recuerda, el amor no es suficiente para construir una relación sólida y saludable. La comunicación abierta, el respeto mutuo y el compromiso con el bienestar de todos los involucrados son fundamentales. 
No ignores las #banderasrojas🚩 , reconocerlas y abordarlas de frente podría salvarte de mucho dolor y sufrimiento en el futuro.
Si tu nueva relación está llena de 🚩🚩🚩🚩🚩🚩🤪🚩🚩🚩🚩🚩🚩 arranca a tiempo. 
#Nomáshijosrehenes #obstrucciónparental #violenciadegenero #alertadetoxica #mamitacorazón","mujeres, madres, feministas",instagram_nomashijosrehenes.cl.csv,anger,hateful
ni1diamas_02811,ni1diamas,2025-11-28T23:48:15.000Z,https://www.instagram.com/ni1diamas_/p/DRnn_hnET-Y/,Lo único que les importa y saben hacer las mujeres con hijos no aquellas madres de verdad #ni1diamas_ ⚠️⚠️⚠️,madres,instagram_ni1diamas_.csv,anger,hateful
unpapaconsciente_03815,unpapaconsciente,2025-09-24T07:24:12.000Z,https://www.instagram.com/unpapaconsciente/p/DO-ftKajWAE/,"Que tanto los hijos, lo que importa es la platita. 
saldrá tu nombre, delincuentes y abusadores de menores de edad.",madres,instagram_unpapaconsciente.csv,anger,hateful
unpapaconsciente_03750,unpapaconsciente,2025-12-30T11:56:43.000Z,https://www.instagram.com/unpapaconsciente/p/DS4wACJjXb2/,"Nos han llegado muchos mensajes de progenitoras que utilizan su divorcio para hacer negocios en las redes sociales. Muchos perfiles de mamitas de corazón que son psicólogas, abogadas y otras más que utilizan su conocimiento para abusar del sistema, utilizar a sus propios hijos menores de edad y hacen perfiles en las redes sociales para hacer negocios, exponiendo a los hijos y abusando económicamente del padre. 

Pronto un espacio donde se expondrán a estas y estos delincuentes emocionales, con nombre y apellido, ya que si a un padre le quitan a sus hijos, solo queda que la sociedad juzgue. 

#divórcio #psicologanarcisismo #maltratoinfantil #abusoinfantil","madres, psicólogas, abogadas",instagram_unpapaconsciente.csv,anger,hateful
unpapaconsciente_03801,unpapaconsciente,2025-10-12T23:00:52.000Z,https://www.instagram.com/unpapaconsciente/p/DPuhNS5jXOP/,"Una progenitora con rasgos psicopátas y narcisistas es como un camaleón: 
- Puede parecer encantadora, empática y protectora… pero destruye todo por sus intereses económicos y personales. 

- Bajo esa máscara, no hay afecto genuino y solo manipulación, control y vacío emocional, con graves heridas de infancia generadas por su propia maternidad. 

- Una/un camaleón manipula y cambia… hasta que se dan cuenta como es y vuelve a cambiar. 

#leytocornal 
No más #maltratoinfantil #maltratopsicológico #obstruccionparental #falsasdenuncias",madres,instagram_unpapaconsciente.csv,anger,hateful
padres_con_derechochile_03668,padres_con_derechochile,2023-07-13T18:55:57.000Z,https://www.instagram.com/padres_con_derechochile/reel/CupfKYWp3WX/,Modus operandi..para la desvinculación de nuestros hijos por parte de nuestra ex..y tribunales de familia. No más informate no llegues como un corderito al matadero..de tu depende tu hijo te necesita únete a padres con derecho ..somos muchos ..alzemos la voz ..#padresconderechochile #padresvulnerados #padresmaltratados #nomasmalasmadres #nomasdenunciasfalsas #nomashombresmaltratados #nomashijossufriendo #nomaspadresabusados #nomasppf #nomasadra #nomashijosrehenes #nomashijoshuerfanosdepadresvivos #merluzomaloparaelcatre #padresenlucha,"madres, tribunales de familia, Gabriel Boric",instagram_padres_con_derechochile.csv,anger,hateful
unpapaconsciente_03811,unpapaconsciente,2025-09-28T18:00:43.000Z,https://www.instagram.com/unpapaconsciente/p/DPJ7utEjeDk/,"Para esas “madres” que solo son unas simples cuidadoras narcisistas. 
Personas que sus intereses económicos son mas importantes que el bienestar de sus hijos. 
Desequilibradas que se sienten ofendidas cuando los hijos quieren ver y estás con el padre, ya que eso significa que les llegará menos platita a fin de mes. 
Mujeres que prefieren muerto al padre repitiendo sus historias familiares.",madres,instagram_unpapaconsciente.csv,anger,hateful
falsas_denuncias_chile_00754,falsas_denuncias_chile,2024-08-07T23:45:42.000Z,https://www.instagram.com/falsas_denuncias_chile/reel/C-YzbI7MLB_/,#narcissist #mamasuperpoderosa #realidad #falsasdenuncias #hijosrehenes #comparte,madres,instagram_falsas_denuncias_chile.csv,others,"hateful, targeted"